{
    "BA.2": 0.1366945268266379,
    "JN.1": 0.6331895389592882,
    "XBB.1": 0.038285252089512,
    "XBB.1.5": 0.025208951199784307,
    "XBB.1.9": 0.10070099757346994,
    "other": 0.06592073335130763
}