{
    "BA.2": 0.18376358695652173,
    "JN.1": 0.41287364130434784,
    "XBB.1": 0.07506793478260869,
    "XBB.1.5": 0.044157608695652176,
    "XBB.1.9": 0.20465353260869565,
    "other": 0.07948369565217392
}