{
    "AY.120": 0.002142071440977248,
    "AY.4": 0.07639089909106699,
    "AY.5": 0.013576101429977422,
    "AY.6": 0.0017078677705088868,
    "AY.9": 0.008278816650263417,
    "B.1": 0.020870723093845887,
    "B.1.1": 0.014415561859549586,
    "B.1.1.7": 0.7922769640479361,
    "B.1.177": 0.0009552480750303942,
    "B.1.617.2": 0.06831471082035546,
    "other": 0.001071035720488624
}