{
    "AY.120": 0.03175651338696122,
    "AY.4": 0.7586044743266499,
    "AY.4.2": 0.008464401488774163,
    "AY.43": 0.007543922839876736,
    "AY.46.5": 0.003651898987473486,
    "AY.5": 0.04722455676952015,
    "AY.6": 0.04035098251090567,
    "AY.9": 0.029505342778244688,
    "AY.98": 0.020470644735262337,
    "B.1": 0.0005903069596190019,
    "B.1.1": 0.0003301716892784248,
    "B.1.1.7": 0.004002081082162725,
    "B.1.617.2": 0.04750470244527154
}