{
    "B.1.1": 0.0006302079686296478,
    "BA.1": 0.010703532165614652,
    "BA.1.1": 0.06303080016405414,
    "BA.1.1.15": 0.0024908219712505126,
    "BA.1.15": 0.0012504126361699362,
    "BA.1.15.1": 0.0010203367111146677,
    "BA.1.16": 0.000410135344663739,
    "BA.1.17.2": 0.0073324196985005054,
    "BA.2": 0.7596206748226915,
    "BA.2.1": 0.026348695069372895,
    "BA.2.10": 0.027469064791381156,
    "BA.2.3": 0.033931197295107386,
    "BA.2.9": 0.05840927506077005,
    "other": 0.007352426300679224
}