{
    "BA.1.1": 0.005515485787017395,
    "BA.2": 0.8098571630603875,
    "BA.2.1": 0.02022344788573045,
    "BA.2.10": 0.012409843020789138,
    "BA.2.3": 0.03592136897185688,
    "BA.2.9": 0.07605006364022061,
    "BA.4": 0.014425116673737802,
    "BA.5": 0.0032173667090934803,
    "BA.5.1": 0.003358789421581106,
    "BA.5.2.1": 0.006646867486918399,
    "other": 0.012374487342667233
}