{
    "BA.2": 0.15267175572519084,
    "JN.1": 0.12380725190839695,
    "XBB.1": 0.1696087786259542,
    "XBB.1.5": 0.07347328244274809,
    "XBB.1.9": 0.3895515267175573,
    "other": 0.09088740458015267
}