{
    "BA.2": 0.03756658256237735,
    "BA.4": 0.0021726941407345106,
    "BA.5": 0.008830950378469302,
    "BA.5.1": 0.0028735632183908046,
    "BA.5.2": 0.016190075693860388,
    "BA.5.2.1": 0.007499299130922343,
    "BE.1.1": 0.06539108494533222,
    "BQ.1.1": 0.293874404261284,
    "CH.1.1": 0.27663302495093917,
    "XBB.1": 0.007429212223156715,
    "XBB.1.5": 0.21719932716568546,
    "XBB.1.9": 0.03546397532940847,
    "other": 0.028875805999439303
}