{
    "BA.2": 0.1052932216298553,
    "CH.1.1": 0.009900990099009901,
    "JN.1": 0.034843869002284845,
    "XBB.1": 0.23705255140898704,
    "XBB.1.5": 0.07559025133282558,
    "XBB.1.9": 0.4306930693069307,
    "other": 0.10662604722010663
}