{
    "AY.120": 0.013152235880099616,
    "AY.4": 0.412370102917496,
    "AY.4.2": 0.12740165828190791,
    "AY.4.2.1": 0.030085114469459807,
    "AY.4.2.2": 0.041397037496374384,
    "AY.43": 0.04801816308772491,
    "AY.46.5": 0.013052218877209126,
    "AY.5": 0.018033065621155597,
    "AY.6": 0.006941180000600102,
    "AY.9": 0.0038906614124401147,
    "AY.98": 0.03764639988798096,
    "B.1": 0.00048008161387435867,
    "B.1.617.2": 0.0642809277577188,
    "BA.1": 0.07642299190862446,
    "BA.1.1": 0.01544262524629187,
    "BA.1.1.15": 0.0016802856485602553,
    "BA.1.15": 0.007631297320544492,
    "BA.1.15.1": 0.019223267955552445,
    "BA.1.16": 0.0048608263404778815,
    "BA.1.17.2": 0.05798985827590691
}