{
    "AY.120": 0.025626677325415407,
    "AY.4": 0.6582196082909838,
    "AY.4.2": 0.00043396334151772967,
    "AY.5": 0.04501798663849712,
    "AY.6": 0.03132530120481928,
    "AY.9": 0.06861188831154,
    "AY.98": 0.004899217723976474,
    "B.1": 0.0016330725746588248,
    "B.1.1": 0.002272597499000742,
    "B.1.1.7": 0.06979957745674642,
    "B.1.617.2": 0.09216010963284417
}