{
    "BA.2": 0.039509536784741145,
    "JN.1": 0.8937329700272479,
    "other": 0.0667574931880109
}