{
    "B.1": 0.008093722210050135,
    "B.1.1": 0.0046783776468920365,
    "B.1.1.7": 0.9571728679872665,
    "B.1.177": 0.02920441803817453,
    "other": 0.0008506141176167339
}