{
    "BA.2": 0.07058539140244148,
    "BA.2.3": 0.001450384754844688,
    "BA.4": 0.005358365899842875,
    "BA.5": 0.014906732202570404,
    "BA.5.1": 0.008944039321542242,
    "BA.5.2": 0.03202933000282019,
    "BA.5.2.1": 0.024696829297772047,
    "BE.1.1": 0.13142097417509366,
    "BQ.1.1": 0.42008782885459894,
    "CH.1.1": 0.19676886507392932,
    "XBB.1": 0.02659038717215261,
    "XBB.1.5": 0.039120099915394224,
    "XBB.1.9": 0.0028604810442770237,
    "other": 0.025180290882720276
}