{
    "B.1": 0.012054461885352528,
    "B.1.1": 0.005145549677680455,
    "B.1.1.7": 0.9769172954065851,
    "B.1.177": 0.0044662214898968,
    "other": 0.0014164715404850693
}