{
    "BA.2": 0.07228574663194838,
    "BA.2.3": 0.0037925959470168687,
    "BA.4": 0.037925959470168684,
    "BA.5": 0.044605456809690934,
    "BA.5.1": 0.08734291860070191,
    "BA.5.2": 0.21289482621985736,
    "BA.5.2.1": 0.2035548511264576,
    "BE.1.1": 0.14587342918600701,
    "BQ.1.1": 0.16749688667496887,
    "CH.1.1": 0.005490773236725914,
    "XBB.1": 0.00939658100305672,
    "other": 0.00933997509339975
}