{
    "BA.1": 0.0020568825985283496,
    "BA.1.1": 0.018940460594781886,
    "BA.1.1.15": 0.0006978708816435472,
    "BA.1.17.2": 0.002522129852957381,
    "BA.2": 0.8169007186845746,
    "BA.2.1": 0.02479278132154707,
    "BA.2.10": 0.01854867343315744,
    "BA.2.3": 0.037893164538364534,
    "BA.2.9": 0.06686092780097212,
    "BA.4": 0.0006611408352412552,
    "BA.5.2.1": 0.0004530039056282674,
    "other": 0.009672245552603547
}