{
    "B.1": 0.15127116144635167,
    "B.1.1": 0.21748363121571404,
    "B.1.1.7": 0.013242493953872472,
    "B.1.177": 0.6180027133840618
}