{
    "BA.2": 0.02135972909611878,
    "CH.1.1": 0.02148997134670487,
    "XBB.1": 0.32664756446991405,
    "XBB.1.5": 0.05782755926022402,
    "XBB.1.9": 0.4455587392550143,
    "other": 0.12711643657202396
}