{
    "CH.1.1": 0.023391812865497075,
    "XBB.1": 0.40350877192982454,
    "XBB.1.5": 0.14619883040935672,
    "XBB.1.9": 0.29914529914529914,
    "other": 0.1277552856500225
}