{
    "AY.120": 0.0008949966798510264,
    "AY.4": 0.03392326125241794,
    "AY.5": 0.006611427086641453,
    "AY.6": 0.001125963564973872,
    "AY.9": 0.004648208563097266,
    "B.1": 0.02350088056124953,
    "B.1.1": 0.013136241591361838,
    "B.1.1.7": 0.8664433986777146,
    "B.1.177": 0.0010970927043335162,
    "B.1.617.2": 0.04737708231082369,
    "other": 0.0012414470075352946
}