{
    "BA.2": 0.006576516662971994,
    "BA.5": 0.004064139510825389,
    "BE.1.1": 0.007684918347742555,
    "BQ.1.1": 0.06303110914061923,
    "CH.1.1": 0.12377152146604596,
    "XBB.1": 0.026306066651887977,
    "XBB.1.5": 0.560481785265647,
    "XBB.1.9": 0.17904381881327125,
    "other": 0.029040124140988693
}