{
    "CH.1.1": 0.051911544227886054,
    "XBB.1": 0.13699400299850076,
    "XBB.1.5": 0.45408545727136435,
    "XBB.1.9": 0.3139055472263868,
    "other": 0.04310344827586207
}