{
    "BA.2": 0.08133939312926079,
    "BA.2.3": 0.004143831038631199,
    "BA.4": 0.03020986499131132,
    "BA.5": 0.036158267611281915,
    "BA.5.1": 0.07031145568774227,
    "BA.5.2": 0.1854698569709932,
    "BA.5.2.1": 0.17845207859911777,
    "BE.1.1": 0.1610078866461703,
    "BQ.1.1": 0.21534554203983425,
    "CH.1.1": 0.011362117363988771,
    "XBB.1": 0.014837588557679455,
    "other": 0.011362117363988771
}