{
    "B.1.1": 0.0022996130458817028,
    "BA.2": 0.06051962410171365,
    "BA.2.3": 0.0012161415146489773,
    "BA.2.9": 0.002564953012714207,
    "BA.4": 0.17485903814262024,
    "BA.5": 0.12442233278054174,
    "BA.5.1": 0.2832725262576009,
    "BA.5.2": 0.1360088446655611,
    "BA.5.2.1": 0.17777777777777778,
    "BE.1.1": 0.03444997236042012,
    "other": 0.002609176340519624
}