{
    "B.1": 0.009646076184315986,
    "B.1.1": 0.005132387474162296,
    "B.1.1.7": 0.9728475610613496,
    "B.1.177": 0.011558417818524404,
    "other": 0.0008155574616477073
}