{
    "BA.2": 0.09030359355638166,
    "BA.2.3": 0.004879182156133829,
    "BA.4": 0.02269206939281289,
    "BA.5": 0.030359355638166045,
    "BA.5.1": 0.05010842627013631,
    "BA.5.2": 0.15226146220570014,
    "BA.5.2.1": 0.14343246592317224,
    "BE.1.1": 0.17131350681536556,
    "BQ.1.1": 0.2762546468401487,
    "CH.1.1": 0.02408612143742255,
    "XBB.1": 0.01943928128872367,
    "other": 0.01486988847583643
}