{
    "CH.1.1": 0.023426573426573425,
    "XBB.1": 0.39545454545454545,
    "XBB.1.5": 0.09300699300699301,
    "XBB.1.9": 0.34405594405594403,
    "other": 0.14405594405594405
}