{
    "AY.120": 0.01563165154017743,
    "AY.4": 0.4201474619851176,
    "AY.5": 0.04674170313484428,
    "AY.6": 0.025286495138522314,
    "AY.9": 0.06508079758884329,
    "AY.98": 0.0007492294855858464,
    "B.1": 0.0054829975990600575,
    "B.1.1": 0.008224496398590086,
    "B.1.1.7": 0.29817630732031264,
    "B.1.617.2": 0.11396802152331977,
    "other": 0.0005108382856267135
}