{
    "AY.4": 0.003342005203121873,
    "AY.4.2": 0.0016209725835501301,
    "AY.4.2.1": 0.0003602161296778067,
    "AY.4.2.2": 0.0007704622773664198,
    "AY.43": 0.0006904142485491295,
    "AY.98": 0.0003402041224734841,
    "B.1.1": 0.0005503301981188714,
    "B.1.617.2": 0.0014008405043025814,
    "BA.1": 0.3000500300180108,
    "BA.1.1": 0.3072343406043626,
    "BA.1.1.15": 0.015799479687812687,
    "BA.1.15": 0.0302481488893336,
    "BA.1.15.1": 0.05305183109865919,
    "BA.1.16": 0.019481689013408045,
    "BA.1.17.2": 0.20968581148689214,
    "BA.2": 0.04160496297778667,
    "BA.2.1": 0.0019911947168300983,
    "BA.2.10": 0.006994196517910747,
    "BA.2.3": 0.0022813688212927757,
    "BA.2.9": 0.0019711827096257754,
    "other": 0.0005303181909145487
}