{
    "CH.1.1": 0.034668260609683206,
    "XBB.1": 0.24118350268977884,
    "XBB.1.5": 0.35953377166766287,
    "XBB.1.9": 0.30005977286312013,
    "other": 0.06455469216975493
}