{
    "BA.2": 0.07671021039352134,
    "BA.2.3": 0.002319619094127701,
    "BA.4": 0.006470516420461482,
    "BA.5": 0.01766166117283197,
    "BA.5.1": 0.011231839824197289,
    "BA.5.2": 0.04716558824726326,
    "BA.5.2.1": 0.035201237130183534,
    "BE.1.1": 0.15337972571521588,
    "BQ.1.1": 0.4312049810767916,
    "CH.1.1": 0.1467057339356204,
    "XBB.1": 0.031986326455866194,
    "XBB.1.5": 0.017783746388312375,
    "other": 0.022178814145606966
}