{
    "BA.2": 0.061693681773073106,
    "JN.1": 0.8382401587826662,
    "XBB.1": 0.012074098577571949,
    "XBB.1.5": 0.007939133311280185,
    "XBB.1.9": 0.02447899437644724,
    "other": 0.055573933178961296
}