{
    "B.1": 0.12238822580196422,
    "B.1.1": 0.13986033441838466,
    "B.1.1.7": 0.08519044041955318,
    "B.1.177": 0.6525609993600979
}