{
    "CH.1.1": 0.02197802197802198,
    "XBB.1": 0.39952904238618525,
    "XBB.1.5": 0.11734693877551021,
    "XBB.1.9": 0.32103610675039246,
    "other": 0.1401098901098901
}