{
    "BA.2": 0.06451182048884734,
    "CH.1.1": 0.017897689328168827,
    "JN.1": 0.009349539201282222,
    "XBB.1": 0.2764792306664886,
    "XBB.1.5": 0.0714571924669427,
    "XBB.1.9": 0.4398290369974623,
    "other": 0.12047549085080807
}