{
    "BA.2": 0.060500488592428944,
    "BA.2.3": 0.0022092875047797084,
    "BA.4": 0.04834940731614054,
    "BA.5": 0.05357522199090793,
    "BA.5.1": 0.1234226961804818,
    "BA.5.2": 0.25037175510897736,
    "BA.5.2.1": 0.23121043463483026,
    "BE.1.1": 0.12112843607936441,
    "BQ.1.1": 0.09567914347622891,
    "CH.1.1": 0.0018269108212601436,
    "XBB.1": 0.003653821642520287,
    "other": 0.008072396652079704
}