{
    "AY.120": 0.006783934682115627,
    "AY.4": 0.23012347161353586,
    "AY.4.2": 0.07993636309059254,
    "AY.4.2.1": 0.018981008985211423,
    "AY.4.2.2": 0.030587740889716036,
    "AY.43": 0.029156911008384863,
    "AY.46.5": 0.008424886434131796,
    "AY.5": 0.009585559624582258,
    "AY.6": 0.0036421124252066198,
    "AY.9": 0.0019711432630925936,
    "AY.98": 0.02415400932540874,
    "B.1": 0.0007704468591783235,
    "B.1.617.2": 0.04025334694122591,
    "BA.1": 0.20142682755998478,
    "BA.1.1": 0.06741910307978628,
    "BA.1.1.15": 0.005012907486342078,
    "BA.1.15": 0.020661983950691402,
    "BA.1.15.1": 0.046597026275239636,
    "BA.1.16": 0.014228252386384102,
    "BA.1.17.2": 0.16028296411918913
}