{
    "CH.1.1": 0.02189409368635438,
    "XBB.1": 0.3630346232179226,
    "XBB.1.5": 0.1975560081466395,
    "XBB.1.9": 0.2953156822810591,
    "other": 0.12219959266802444
}