{
    "AY.120": 0.029042904290429043,
    "AY.4": 0.7472847284728473,
    "AY.4.2": 0.0021102110211021104,
    "AY.43": 0.00045004500450045,
    "AY.46.5": 0.0014001400140014,
    "AY.5": 0.042884288428842884,
    "AY.6": 0.03222322232223222,
    "AY.9": 0.04845484548454845,
    "AY.98": 0.014751475147514752,
    "B.1": 0.00074007400740074,
    "B.1.1": 0.0008500850085008501,
    "B.1.1.7": 0.01702170217021702,
    "B.1.177": 0.00036003600360036,
    "B.1.617.2": 0.062426242624262426
}