{
    "BA.2": 0.055781793501315007,
    "BA.2.3": 0.0015271061338763044,
    "BA.4": 0.05285484007805209,
    "BA.5": 0.05853906846525834,
    "BA.5.1": 0.13862730126410452,
    "BA.5.2": 0.2681343853397811,
    "BA.5.2.1": 0.23674387036565708,
    "BE.1.1": 0.10583693900059388,
    "BQ.1.1": 0.07228302367014508,
    "XBB.1": 0.0025451768897938407,
    "other": 0.007126495291422754
}