{
    "AY.120": 0.023505099660022667,
    "AY.4": 0.5892407172855143,
    "AY.5": 0.047716818878741414,
    "AY.6": 0.02967802146523565,
    "AY.9": 0.07158189454036397,
    "AY.98": 0.0023598426771548565,
    "B.1": 0.002653156456236251,
    "B.1.1": 0.0041330577961469234,
    "B.1.1.7": 0.12512499166722219,
    "B.1.617.2": 0.10400639957336177
}