{
    "B.1": 0.16350936607048364,
    "B.1.1": 0.2579108900412742,
    "B.1.1.7": 0.004797685822132853,
    "B.1.177": 0.5737820580661093
}