{
    "B.1.1": 0.0011154034495892051,
    "BA.2": 0.02451167092877741,
    "BA.2.9": 0.0009793786386636922,
    "BA.4": 0.14410468469448828,
    "BA.5": 0.11975624353882149,
    "BA.5.1": 0.3006420371075684,
    "BA.5.2": 0.17266989498884597,
    "BA.5.2.1": 0.193372871211709,
    "BE.1.1": 0.04067141846672833,
    "other": 0.0021763969748082052
}