{
    "BA.2": 0.012008666047663262,
    "BA.4": 0.10374497059733828,
    "BA.5": 0.09613122872175797,
    "BA.5.1": 0.2760755184153513,
    "BA.5.2": 0.23249767873723307,
    "BA.5.2.1": 0.23255957907768493,
    "BE.1.1": 0.046982358402971214
}