{
    "AY.120": 0.01594749532280172,
    "AY.4": 0.5021760227306834,
    "AY.4.2": 0.13990575570518143,
    "AY.4.2.1": 0.0338759216831911,
    "AY.4.2.2": 0.04331035586725761,
    "AY.43": 0.0553760267325643,
    "AY.46.5": 0.01514711914599862,
    "AY.5": 0.023000810380879012,
    "AY.6": 0.009414424779646434,
    "AY.9": 0.004742228847558353,
    "AY.98": 0.043540464018088504,
    "B.1.617.2": 0.07186377597470811,
    "BA.1": 0.016817904415075087,
    "BA.1.1": 0.003481636369093474,
    "BA.1.15": 0.0019108981221173953,
    "BA.1.15.1": 0.004752233549768391,
    "BA.1.16": 0.0008403949856432523,
    "BA.1.17.2": 0.01389653136974378
}