{
    "B.1": 0.009166402535657685,
    "B.1.1": 0.005413629160063391,
    "B.1.1.7": 0.9379144215530903,
    "B.1.177": 0.046389857369255154,
    "other": 0.001115689381933439
}