{
    "CH.1.1": 0.02193211488250653,
    "XBB.1": 0.3362924281984334,
    "XBB.1.5": 0.22402088772845952,
    "XBB.1.9": 0.3127937336814621,
    "other": 0.10496083550913839
}