{
    "B.1": 0.12825114509950983,
    "B.1.1": 0.15179599817855516,
    "B.1.1.7": 0.06455414780489112,
    "B.1.177": 0.6553987089170439
}