{
    "B.1": 0.24519344884880134,
    "B.1.1": 0.4934725848563969,
    "B.1.177": 0.2613339662948018
}