{
    "CH.1.1": 0.021501925545571246,
    "XBB.1": 0.3870346598202824,
    "XBB.1.5": 0.07766367137355584,
    "XBB.1.9": 0.36617458279845955,
    "other": 0.14762516046213095
}