{
    "B.1.1": 0.0024554455445544555,
    "BA.2": 0.28847524752475245,
    "BA.2.1": 0.0019801980198019802,
    "BA.2.10": 0.0016633663366336633,
    "BA.2.3": 0.006534653465346534,
    "BA.2.9": 0.0217029702970297,
    "BA.4": 0.18613861386138614,
    "BA.5": 0.09841584158415842,
    "BA.5.1": 0.184990099009901,
    "BA.5.2": 0.06546534653465347,
    "BA.5.2.1": 0.12261386138613861,
    "BE.1.1": 0.014574257425742575,
    "other": 0.00499009900990099
}