{
    "B.1": 0.014129045280226064,
    "B.1.1": 0.005096548476081545,
    "B.1.1.7": 0.9753414519276055,
    "B.1.177": 0.002035255332032564,
    "B.1.617.2": 0.0015306465720244904,
    "other": 0.0018670524120298728
}