{
    "BA.2": 0.0059989287627209426,
    "BE.1.1": 0.005570433851098018,
    "BQ.1.1": 0.03535083020889127,
    "CH.1.1": 0.09662560257096947,
    "XBB.1": 0.043706480985538296,
    "XBB.1.5": 0.5595072308516337,
    "XBB.1.9": 0.22667380824852704,
    "other": 0.026566684520621317
}