{
    "B.1": 0.015988620199146514,
    "B.1.1": 0.0055761024182076815,
    "B.1.1.7": 0.9702228544333807,
    "B.1.177": 0.0013655761024182077,
    "B.1.617.2": 0.004798482693219535,
    "other": 0.0020483641536273114
}