{
    "BA.2": 0.010158964101484367,
    "BA.5": 0.004789977892409728,
    "BA.5.2": 0.0038951468575639542,
    "BE.1.1": 0.01668596694388883,
    "BQ.1.1": 0.11969681019054637,
    "CH.1.1": 0.1936519633645647,
    "XBB.1": 0.015843773028739867,
    "XBB.1.5": 0.48473523528792506,
    "XBB.1.9": 0.12001263290872724,
    "other": 0.03052952942414991
}