{
    "AY.120": 0.024275536343259685,
    "AY.4": 0.6881404098623118,
    "AY.4.2": 0.06245997438360551,
    "AY.4.2.1": 0.010216538584694203,
    "AY.4.2.2": 0.008305315401857189,
    "AY.43": 0.03594300352225424,
    "AY.46.5": 0.01539985590778098,
    "AY.5": 0.0369636567403138,
    "AY.6": 0.022284261927633685,
    "AY.9": 0.007584854306756324,
    "AY.98": 0.030659622158181236,
    "B.1.617.2": 0.05776697086135126
}