{
    "AY.120": 0.03425712856428214,
    "AY.4": 0.752096048024012,
    "AY.4.2": 0.015397698849424712,
    "AY.4.2.1": 0.0013706853426713357,
    "AY.43": 0.01423711855927964,
    "AY.46.5": 0.006053026513256629,
    "AY.5": 0.05057528764382191,
    "AY.6": 0.03925962981490745,
    "AY.9": 0.016198099049524763,
    "AY.98": 0.01888944472236118,
    "B.1": 0.0003101550775387694,
    "B.1.1.7": 0.0018809404702351176,
    "B.1.617.2": 0.049474737368684345
}