{
    "AY.120": 0.033125506640112885,
    "AY.4": 0.7474155099426558,
    "AY.4.2": 0.020305635339211193,
    "AY.4.2.1": 0.0017613562443081173,
    "AY.43": 0.016762907438727822,
    "AY.46.5": 0.007095463506900313,
    "AY.5": 0.049678252254235764,
    "AY.6": 0.03705853507200545,
    "AY.9": 0.014150896190066351,
    "AY.98": 0.020045434984938403,
    "B.1.1.7": 0.0016712868909059975,
    "B.1.617.2": 0.050929215495931865
}