{
    "BA.2": 0.01130901894260673,
    "CH.1.1": 0.022335312411648288,
    "XBB.1": 0.3624540571105457,
    "XBB.1.5": 0.06785411365564037,
    "XBB.1.9": 0.3893129770992366,
    "other": 0.14673452078032231
}