{
    "AY.4": 0.0004603682946357086,
    "B.1.1": 0.0010808646917534028,
    "B.1.617.2": 0.0003702962369895917,
    "BA.1": 0.18402722177742195,
    "BA.1.1": 0.35685548438751,
    "BA.1.1.15": 0.017684147317854282,
    "BA.1.15": 0.019065252201761407,
    "BA.1.15.1": 0.029403522818254604,
    "BA.1.16": 0.010138110488390712,
    "BA.1.17.2": 0.11549239391513211,
    "BA.2": 0.21114891913530826,
    "BA.2.1": 0.009907926341072858,
    "BA.2.10": 0.020626501200960767,
    "BA.2.3": 0.00973779023218575,
    "BA.2.9": 0.012630104083266614,
    "other": 0.0013710968775020017
}