{
    "AY.120": 0.022254005721029785,
    "AY.4": 0.602028365105719,
    "AY.4.2": 0.10746934448200676,
    "AY.4.2.1": 0.025614610629913385,
    "AY.4.2.2": 0.02564461603088556,
    "AY.43": 0.0493488827989038,
    "AY.46.5": 0.01570282650877158,
    "AY.5": 0.028685163329399292,
    "AY.6": 0.013502430437478747,
    "AY.9": 0.005581004580824549,
    "AY.98": 0.039397091476465765,
    "B.1.617.2": 0.06477165889860174
}