{
    "BA.2": 0.04488778054862843,
    "JN.1": 0.8766971460238293,
    "XBB.1.9": 0.011360487669714602,
    "other": 0.06705458575782765
}