{
    "AY.120": 0.029563547625715086,
    "AY.4": 0.7655618674240909,
    "AY.4.2": 0.0038504620554466536,
    "AY.43": 0.0019302316277953354,
    "AY.46.5": 0.0022102652318278194,
    "AY.5": 0.04089490738888667,
    "AY.6": 0.0339140696883626,
    "AY.9": 0.04109493139176701,
    "AY.98": 0.01815217826139137,
    "B.1": 0.0006700804096491579,
    "B.1.1": 0.0005000600072008641,
    "B.1.1.7": 0.00784094091290955,
    "B.1.177": 0.00036004320518462216,
    "B.1.617.2": 0.05345641476977237
}