{
    "BA.2": 0.030718140307181403,
    "JN.1": 0.8974678289746783,
    "other": 0.07181403071814031
}