{
    "AY.120": 0.02794586863241281,
    "AY.4": 0.7055581672151152,
    "AY.4.2": 0.0010202142449914481,
    "AY.46.5": 0.0007101491313175767,
    "AY.5": 0.04539953390211945,
    "AY.6": 0.03269686634193181,
    "AY.9": 0.060652737074785704,
    "AY.98": 0.009562008021684554,
    "B.1": 0.0009501995419037998,
    "B.1.1": 0.0013402814591064124,
    "B.1.1.7": 0.03728783044439332,
    "B.1.177": 0.0003800798167615199,
    "B.1.617.2": 0.07649606417347643
}