{
    "BA.2": 0.08169778203287059,
    "CH.1.1": 0.014999202170097335,
    "JN.1": 0.015477900111696186,
    "XBB.1": 0.2650390936652306,
    "XBB.1.5": 0.07276208712302537,
    "XBB.1.9": 0.434179033030158,
    "other": 0.11584490186692198
}