{
    "AY.4": 0.007636185310101182,
    "AY.4.2": 0.0032126022077883084,
    "AY.4.2.1": 0.0008306728450044536,
    "AY.4.2.2": 0.001701378116274182,
    "AY.43": 0.0014511754521162141,
    "AY.46.5": 0.00030024319698956155,
    "AY.98": 0.0009807944434992344,
    "B.1.1": 0.00039031615608643,
    "B.1.617.2": 0.002662156346640779,
    "BA.1": 0.324813098609874,
    "BA.1.1": 0.26121158138091854,
    "BA.1.1.15": 0.014111430258509392,
    "BA.1.15": 0.03280657332439276,
    "BA.1.15.1": 0.06085929602978413,
    "BA.1.16": 0.0218677128474064,
    "BA.1.17.2": 0.23935387664007846,
    "BA.2": 0.01882524845124551,
    "BA.2.1": 0.0008406809515707723,
    "BA.2.10": 0.003973218306828531,
    "BA.2.3": 0.0011809565748256087,
    "BA.2.9": 0.0006805512465096729,
    "other": 0.00031025130355588024
}