{
    "AY.120": 0.03215607803901951,
    "AY.4": 0.744272136068034,
    "AY.4.2": 0.02464232116058029,
    "AY.4.2.1": 0.002271135567783892,
    "AY.4.2.2": 0.0006603301650825413,
    "AY.43": 0.01905952976488244,
    "AY.46.5": 0.008754377188594297,
    "AY.5": 0.046443221610805406,
    "AY.6": 0.035427713856928465,
    "AY.9": 0.01250625312656328,
    "AY.98": 0.021500750375187595,
    "B.1.1.7": 0.0009004502251125563,
    "B.1.617.2": 0.05140570285142571
}