{
    "AY.120": 0.019439653868264198,
    "AY.4": 0.4990317993404133,
    "AY.5": 0.0508607908989138,
    "AY.6": 0.028531663187195546,
    "AY.9": 0.07228223049226952,
    "AY.98": 0.001376660312849838,
    "B.1": 0.003918187044264924,
    "B.1.1": 0.006202535475477292,
    "B.1.1.7": 0.20436597984932378,
    "B.1.617.2": 0.1139904995310278
}