{
    "AY.120": 0.019028943603493643,
    "AY.4": 0.5465969005432554,
    "AY.4.2": 0.1354536632217142,
    "AY.4.2.1": 0.031414764939521576,
    "AY.4.2.2": 0.03665722889758186,
    "AY.43": 0.055486078456874734,
    "AY.46.5": 0.015717387171970826,
    "AY.5": 0.025662061168749313,
    "AY.6": 0.010865106600102047,
    "AY.9": 0.005332506277950637,
    "AY.98": 0.04258001260592478,
    "B.1.617.2": 0.07070323051834362,
    "BA.1": 0.00234110031714906,
    "BA.1.1": 0.0004001880884015487,
    "BA.1.15.1": 0.0004001880884015487,
    "BA.1.17.2": 0.0013606395005652657
}