{
    "BA.2": 0.16877637130801687,
    "JN.1": 0.22340661781034865,
    "XBB.1": 0.13191205862758162,
    "XBB.1.5": 0.06528980679546968,
    "XBB.1.9": 0.32467244059515876,
    "other": 0.08594270486342438
}