{
    "BA.2": 0.00588795566715733,
    "BA.5": 0.0034635033336219588,
    "BE.1.1": 0.005974543250497878,
    "BQ.1.1": 0.04926833492077236,
    "CH.1.1": 0.11022599359251883,
    "XBB.1": 0.032210581002684216,
    "XBB.1.5": 0.5662827950471903,
    "XBB.1.9": 0.1993246168499437,
    "other": 0.027361676335613472
}