{
    "BA.2": 0.1112207499295179,
    "JN.1": 0.7034113335212856,
    "XBB.1": 0.028333803213983648,
    "XBB.1.5": 0.020721736678883565,
    "XBB.1.9": 0.07612066535100084,
    "other": 0.060191711305328445
}