{
    "AY.120": 0.02602702729737029,
    "AY.4": 0.7265761755674032,
    "AY.4.2": 0.04072099466856051,
    "AY.4.2.1": 0.0046112450361597635,
    "AY.4.2.2": 0.003761015474178028,
    "AY.43": 0.027757494523521352,
    "AY.46.5": 0.012923489342122374,
    "AY.5": 0.039040540946055434,
    "AY.6": 0.027477418903103838,
    "AY.9": 0.009352525181799085,
    "AY.98": 0.02650715693237174,
    "B.1.1.7": 0.0004901323357306473,
    "B.1.617.2": 0.05475478379162374
}