{
    "CH.1.1": 0.04289428076256499,
    "XBB.1": 0.17157712305025996,
    "XBB.1.5": 0.42525996533795496,
    "XBB.1.9": 0.31022530329289427,
    "other": 0.050043327556325824
}