{
    "CH.1.1": 0.027105921601334446,
    "XBB.1": 0.29774812343619683,
    "XBB.1.5": 0.2827356130108424,
    "XBB.1.9": 0.3065054211843203,
    "other": 0.08590492076730609
}