{
    "BA.2": 0.07536463688640085,
    "BA.2.3": 0.0018660268860200312,
    "BA.4": 0.005674245020754789,
    "BA.5": 0.01633725579801211,
    "BA.5.1": 0.009672874062226285,
    "BA.5.2": 0.03827259225408432,
    "BA.5.2.1": 0.029170950912068245,
    "BE.1.1": 0.14162763243078563,
    "BQ.1.1": 0.4247686507483149,
    "CH.1.1": 0.17487337674702008,
    "XBB.1": 0.029323279637457633,
    "XBB.1.5": 0.02829506074107925,
    "XBB.1.9": 0.0019421912487147263,
    "other": 0.0228112266270612
}