{
    "BA.2": 0.17404875148632581,
    "JN.1": 0.49033888228299644,
    "XBB.1": 0.0603448275862069,
    "XBB.1.5": 0.037158145065398336,
    "XBB.1.9": 0.1634958382877527,
    "other": 0.07461355529131986
}