{
    "B.1.1": 0.0026824826499975392,
    "BA.2": 0.1354776787911601,
    "BA.2.3": 0.0026578727174287544,
    "BA.2.9": 0.008318157208249249,
    "BA.4": 0.19481222621450017,
    "BA.5": 0.1204656199242014,
    "BA.5.1": 0.24828960968646946,
    "BA.5.2": 0.10218044002559433,
    "BA.5.2.1": 0.15708519958655312,
    "BE.1.1": 0.024831421961903823,
    "other": 0.003199291233942019
}