{
    "AY.120": 0.003931690626969597,
    "AY.4": 0.13315725762077693,
    "AY.4.2": 0.04902107906399752,
    "AY.4.2.1": 0.011765058975359404,
    "AY.4.2.2": 0.020448792980981824,
    "AY.43": 0.017287433596446473,
    "AY.46.5": 0.004652000360154867,
    "AY.5": 0.005432335904438909,
    "AY.6": 0.0018507958422121513,
    "AY.9": 0.0011004732034774953,
    "AY.98": 0.014276138739658053,
    "B.1": 0.00047020218694038436,
    "B.1.617.2": 0.025350900887381574,
    "BA.1": 0.27121662314795364,
    "BA.1.1": 0.11607991436317616,
    "BA.1.1.15": 0.007833368348389807,
    "BA.1.15": 0.02852226457376672,
    "BA.1.15.1": 0.05934551857298639,
    "BA.1.16": 0.01870804445911742,
    "BA.1.17.2": 0.20743919885550788,
    "BA.2": 0.0016407055033664476,
    "BA.2.10": 0.00047020218694038436
}