{
    "AY.120": 0.004694329034694868,
    "AY.4": 0.15906760912966061,
    "AY.5": 0.025818809690821776,
    "AY.6": 0.003804025252252738,
    "AY.9": 0.01947876760373388,
    "B.1": 0.01656504613392327,
    "B.1.1": 0.01456860734905304,
    "B.1.1.7": 0.6630604866994011,
    "B.1.617.2": 0.09199805751902013,
    "other": 0.000944261587438623
}