{
    "BA.2": 0.012738099932957369,
    "BA.4": 0.11811334148361399,
    "BA.5": 0.10624285207240604,
    "BA.5.1": 0.29676223528019874,
    "BA.5.2": 0.2088575146902236,
    "BA.5.2.1": 0.21197302520014197,
    "BE.1.1": 0.043696020822652525,
    "other": 0.001616910517805734
}