{
    "B.1": 0.23260601070399342,
    "B.1.1": 0.474818169342665,
    "B.1.177": 0.2925758199533416
}