{
    "B.1": 0.011066754257415736,
    "B.1.1": 0.006910404770326949,
    "B.1.1.7": 0.9077265147304058,
    "B.1.177": 0.07270453282126434,
    "other": 0.0015917934205871948
}