{
    "BA.1.1": 0.0025870178739416747,
    "BA.2": 0.7234830667920978,
    "BA.2.1": 0.014640169332079022,
    "BA.2.10": 0.007349482596425211,
    "BA.2.3": 0.02922154280338664,
    "BA.2.9": 0.06908513640639699,
    "BA.4": 0.05820790216368767,
    "BA.5": 0.018579492003762934,
    "BA.5.1": 0.02980950141110066,
    "BA.5.2": 0.007525870178739417,
    "BA.5.2.1": 0.027986829727187208,
    "other": 0.011523988711194732
}