{
    "BA.2": 0.012013580569339252,
    "CH.1.1": 0.020370854008879603,
    "XBB.1": 0.3591015931052494,
    "XBB.1.5": 0.06111256202663881,
    "XBB.1.9": 0.40454426743275007,
    "other": 0.14285714285714285
}