{
    "AY.120": 0.009582012222566738,
    "AY.4": 0.32869902679562707,
    "AY.4.2": 0.10751257764130467,
    "AY.4.2.1": 0.025465347723021836,
    "AY.4.2.2": 0.0373178367457166,
    "AY.43": 0.040088418567899256,
    "AY.46.5": 0.011092329389171726,
    "AY.5": 0.013712879704737994,
    "AY.6": 0.005411136338631112,
    "AY.9": 0.0031206553376209004,
    "AY.98": 0.03236679702737575,
    "B.1": 0.0005801218255833725,
    "B.1.617.2": 0.05459146420748357,
    "BA.1": 0.13236779723741987,
    "BA.1.1": 0.033877114193980734,
    "BA.1.1.15": 0.003210674241590734,
    "BA.1.15": 0.013552846097680513,
    "BA.1.15.1": 0.03333700077016173,
    "BA.1.16": 0.008771842086838236,
    "BA.1.17.2": 0.10534212184558757
}