{
    "B.1.1": 0.002771156138259833,
    "BA.2": 0.19287842669845054,
    "BA.2.1": 0.0009535160905840286,
    "BA.2.10": 0.0008939213349225268,
    "BA.2.3": 0.00399284862932062,
    "BA.2.9": 0.012693682955899881,
    "BA.4": 0.19886769964243148,
    "BA.5": 0.11072705601907032,
    "BA.5.1": 0.22264600715137067,
    "BA.5.2": 0.08593563766388558,
    "BA.5.2.1": 0.14401072705601908,
    "BE.1.1": 0.01966626936829559,
    "other": 0.003963051251489869
}