{
    "AY.120": 0.023712567660860256,
    "AY.4": 0.6581188029655718,
    "AY.4.2": 0.07778122404874584,
    "AY.4.2.1": 0.014687784525798673,
    "AY.4.2.2": 0.012756761083374188,
    "AY.43": 0.04058150819934565,
    "AY.46.5": 0.016038500405214765,
    "AY.5": 0.0349785386254715,
    "AY.6": 0.019480324572023172,
    "AY.9": 0.006863637727995838,
    "AY.98": 0.034868480294556116,
    "B.1.617.2": 0.06013186989104225
}