{
    "B.1": 0.02280233237994406,
    "B.1.1": 0.016592133748400045,
    "B.1.1.7": 0.7825482357031114,
    "B.1.177": 0.17609784618301913,
    "other": 0.0019594519855253385
}