{
    "BA.2": 0.09071243149697145,
    "JN.1": 0.7699740409576002,
    "XBB.1": 0.018459763484280356,
    "XBB.1.5": 0.013844822613210269,
    "XBB.1.9": 0.05191808479953851,
    "other": 0.05509085664839919
}