{
    "BA.2": 0.02847453288968518,
    "BA.5": 0.007998464294855387,
    "BA.5.1": 0.002495520859994881,
    "BA.5.2": 0.01215766572818019,
    "BA.5.2.1": 0.005694906577937036,
    "BE.1.1": 0.048438699769644225,
    "BQ.1.1": 0.2501919631430765,
    "CH.1.1": 0.27009214230867673,
    "XBB.1": 0.006526746864601997,
    "XBB.1.5": 0.28820066547222933,
    "XBB.1.9": 0.050166368057332995,
    "other": 0.029562324033785514
}