{
    "AY.120": 0.030229975892044375,
    "AY.4": 0.7423849870457251,
    "AY.4.2": 0.02894955335260636,
    "AY.4.2.1": 0.002680884691948343,
    "AY.4.2.2": 0.0014004621525103285,
    "AY.43": 0.021797193073714326,
    "AY.46.5": 0.01037342322966579,
    "AY.5": 0.043114227695139395,
    "AY.6": 0.03186051396960997,
    "AY.9": 0.010803565176508248,
    "AY.98": 0.02329768823711825,
    "B.1.1.7": 0.0004901617533786149,
    "B.1.617.2": 0.05261736373003091
}