{
    "B.1": 0.10949646130641606,
    "B.1.1": 0.11065668871098736,
    "B.1.1.7": 0.17162663882120896,
    "B.1.177": 0.6082202111613876
}