{
    "BA.2": 0.5877269299924598,
    "BA.2.1": 0.008120178643930167,
    "BA.2.10": 0.004930108462386173,
    "BA.2.3": 0.0194884287454324,
    "BA.2.9": 0.057189258163679604,
    "BA.4": 0.11200046401020823,
    "BA.5": 0.04408096978133519,
    "BA.5.1": 0.07377762310770837,
    "BA.5.2": 0.021808479786555306,
    "BA.5.2.1": 0.057247259439707675,
    "BE.1.1": 0.0042340931500493015,
    "other": 0.009396206716547765
}