{
    "B.1": 0.20068448985665394,
    "B.1.1": 0.38023907544268637,
    "B.1.177": 0.4190764347006597
}