{
    "B.1": 0.016820480321094254,
    "B.1.1": 0.011301672806009955,
    "B.1.1.7": 0.84477363647166,
    "B.1.177": 0.1254670521910194,
    "other": 0.0016371582102163954
}