{
    "BA.2": 0.15508885298869143,
    "JN.1": 0.5665051157781368,
    "XBB.1": 0.04752288637587507,
    "XBB.1.5": 0.031233171782444804,
    "XBB.1.9": 0.12977921378567583,
    "other": 0.06987075928917609
}