{
    "AY.120": 0.008776283728905333,
    "AY.4": 0.2860752639653461,
    "AY.5": 0.035578918870138074,
    "AY.6": 0.013987907228589478,
    "AY.9": 0.04525764822669434,
    "B.1": 0.010603736124898474,
    "B.1.1": 0.01211533255121379,
    "B.1.1.7": 0.4772132479018139,
    "B.1.617.2": 0.10957946033751466,
    "other": 0.0008122010648858406
}