{
    "BA.2": 0.05587808417997097,
    "JN.1": 0.8535921625544267,
    "XBB.1": 0.009252539912917272,
    "XBB.1.5": 0.006168359941944848,
    "XBB.1.9": 0.016872278664731497,
    "other": 0.058236574746008705
}