{
    "BA.2": 0.055273189326556546,
    "BA.4": 0.0037484116899618807,
    "BA.5": 0.010228716645489199,
    "BA.5.1": 0.003875476493011436,
    "BA.5.2": 0.021029224904701396,
    "BA.5.2.1": 0.011245235069885642,
    "BE.1.1": 0.08506988564167725,
    "BQ.1.1": 0.34472681067344346,
    "CH.1.1": 0.26861499364675984,
    "XBB.1": 0.011562897077509529,
    "XBB.1.5": 0.1388818297331639,
    "XBB.1.9": 0.017598475222363404,
    "other": 0.028144853875476494
}