{
    "B.1": 0.2546399406087602,
    "B.1.1": 0.5003711952487008,
    "B.1.177": 0.24498886414253898
}