{
    "BA.2": 0.023198920195714526,
    "BA.4": 0.08495022777121647,
    "BA.5": 0.08621562341825544,
    "BA.5.1": 0.23376075586299983,
    "BA.5.2": 0.2754344525054834,
    "BA.5.2.1": 0.2393284967099713,
    "BE.1.1": 0.053568415724649904,
    "BQ.1.1": 0.0035431078117091276
}