{
    "BA.2": 0.052061040290313575,
    "BA.4": 0.05699264911137992,
    "BA.5": 0.06350609472410905,
    "BA.5.1": 0.15287987345305667,
    "BA.5.2": 0.28240439192332745,
    "BA.5.2.1": 0.2428119475202382,
    "BE.1.1": 0.09211873080859775,
    "BQ.1.1": 0.05164231878663813,
    "other": 0.005582953382339257
}