{
    "BA.2": 0.06469252514018259,
    "BA.2.3": 0.002873163723990917,
    "BA.4": 0.043421845312572406,
    "BA.5": 0.04990963436674545,
    "BA.5.1": 0.10570462023263358,
    "BA.5.2": 0.23967746420130684,
    "BA.5.2.1": 0.22118726539691366,
    "BE.1.1": 0.13230455535474303,
    "BQ.1.1": 0.12354604013160944,
    "CH.1.1": 0.002873163723990917,
    "XBB.1": 0.005514620696047082,
    "other": 0.008295101719264099
}