{
    "BA.2": 0.01689987279665637,
    "CH.1.1": 0.01889878248228239,
    "XBB.1": 0.35017263310921315,
    "XBB.1.5": 0.04724695620570598,
    "XBB.1.9": 0.43194621115755044,
    "other": 0.13483554424859168
}