{
    "B.1": 0.014077619929997941,
    "B.1.1": 0.009123430100885321,
    "B.1.1.7": 0.8755018529956763,
    "B.1.177": 0.09979153798641137,
    "other": 0.0015055589870290303
}