{
    "BA.2": 0.43462753490268013,
    "BA.2.1": 0.004993376133700194,
    "BA.2.10": 0.002853357790685825,
    "BA.2.3": 0.012330581881178028,
    "BA.2.9": 0.03999796188729237,
    "BA.4": 0.15881993274228065,
    "BA.5": 0.07510445327626618,
    "BA.5.1": 0.12621012942015694,
    "BA.5.2": 0.04045653724650973,
    "BA.5.2.1": 0.08926933659431367,
    "BE.1.1": 0.00810149801284011,
    "other": 0.007235300112096199
}