{
    "BA.1.1": 0.004146806482364157,
    "BA.2": 0.7854623450905625,
    "BA.2.1": 0.017111534795042897,
    "BA.2.10": 0.010104861773117254,
    "BA.2.3": 0.03322211630123927,
    "BA.2.9": 0.07407054337464251,
    "BA.4": 0.02940896091515729,
    "BA.5": 0.00776930409914204,
    "BA.5.1": 0.010343183984747378,
    "BA.5.2": 0.002240228789323165,
    "BA.5.2.1": 0.013489037178265014,
    "other": 0.012631077216396568
}