{
    "BQ.1.1": 0.012592137592137592,
    "CH.1.1": 0.06956388206388206,
    "XBB.1": 0.08415233415233415,
    "XBB.1.5": 0.5098280098280098,
    "XBB.1.9": 0.2902334152334152,
    "other": 0.03363022113022113
}