{
    "AY.4": 0.008428720083246619,
    "AY.5": 0.0022372528616024976,
    "AY.6": 0.0007804370447450572,
    "AY.9": 0.002315296566077003,
    "B.1": 0.02302289281997919,
    "B.1.1": 0.00985952133194589,
    "B.1.1.7": 0.9221644120707596,
    "B.1.177": 0.0011446409989594173,
    "B.1.617.2": 0.028720083246618105,
    "other": 0.0013267429760665972
}