{
    "B.1": 0.22021141649048626,
    "B.1.1": 0.4505708245243129,
    "B.1.177": 0.32921775898520084
}