{
    "BA.2": 0.016845088161209068,
    "CH.1.1": 0.020938287153652393,
    "XBB.1": 0.3425692695214106,
    "XBB.1.5": 0.05179471032745592,
    "XBB.1.9": 0.4393891687657431,
    "other": 0.12846347607052896
}