{
    "CH.1.1": 0.02426504899673355,
    "XBB.1": 0.31031264582361173,
    "XBB.1.5": 0.26738217452169855,
    "XBB.1.9": 0.3061129258049463,
    "other": 0.0919272048530098
}