{
    "B.1.1": 0.0008801672317740371,
    "BA.1": 0.01639311469179144,
    "BA.1.1": 0.08539622528280373,
    "BA.1.1.15": 0.003050579610125924,
    "BA.1.15": 0.0019503705704083775,
    "BA.1.15.1": 0.00179034016463128,
    "BA.1.16": 0.0009001710324961742,
    "BA.1.17.2": 0.01166221582100599,
    "BA.2": 0.7278983006771287,
    "BA.2.1": 0.025974935237695163,
    "BA.2.10": 0.02958562126804093,
    "BA.2.3": 0.03301627309188746,
    "BA.2.9": 0.05489042918154449,
    "other": 0.006611256138666347
}