{
    "BA.2": 0.012905933581658884,
    "BA.5": 0.005718482765856986,
    "BA.5.2": 0.00472168301768008,
    "BA.5.2.1": 0.0019935994963538113,
    "BE.1.1": 0.022611615340223493,
    "BQ.1.1": 0.14207019568752952,
    "CH.1.1": 0.22034520749173706,
    "XBB.1": 0.012801007292377105,
    "XBB.1.5": 0.4454645611457951,
    "XBB.1.9": 0.10193589003724883,
    "other": 0.029431824143539165
}