{
    "BA.2": 0.04879540173657821,
    "CH.1.1": 0.021156903509844685,
    "JN.1": 0.005136358077534548,
    "XBB.1": 0.2932615873792344,
    "XBB.1.5": 0.06738412620765562,
    "XBB.1.9": 0.4435612082670906,
    "other": 0.12070441482206189
}