{
    "BA.2": 0.005204857867342853,
    "BE.1.1": 0.00440411050313626,
    "BQ.1.1": 0.020952889363405846,
    "CH.1.1": 0.08354464166555452,
    "XBB.1": 0.06072334178566662,
    "XBB.1.5": 0.5370345655945549,
    "XBB.1.9": 0.2587748565327639,
    "other": 0.02936073668757507
}