{
    "BA.2": 0.04901135885570046,
    "JN.1": 0.8683214135464872,
    "XBB.1": 0.007993268826251577,
    "XBB.1.9": 0.013883045856121162,
    "other": 0.06079091291543963
}