{
    "B.1.1": 0.0004203152364273205,
    "BA.1": 0.0036827620715536654,
    "BA.1.1": 0.028281210908181136,
    "BA.1.1.15": 0.0008806604953715286,
    "BA.1.15": 0.0004503377533149862,
    "BA.1.15.1": 0.0003702777082812109,
    "BA.1.17.2": 0.003492619464598449,
    "BA.2": 0.80514385789342,
    "BA.2.1": 0.026189642231673756,
    "BA.2.10": 0.021696272204153114,
    "BA.2.3": 0.03710783087315487,
    "BA.2.9": 0.06349762321741306,
    "other": 0.008786589942456843
}