{
    "CH.1.1": 0.03216684340756451,
    "XBB.1": 0.2753623188405797,
    "XBB.1.5": 0.3290915517850831,
    "XBB.1.9": 0.2916224814422057,
    "other": 0.07175680452456698
}