{
    "BA.2": 0.016145765789132408,
    "BA.4": 0.13237582674101933,
    "BA.5": 0.11185319673194138,
    "BA.5.1": 0.2987615095318376,
    "BA.5.2": 0.19079885877318117,
    "BA.5.2.1": 0.20493450914278305,
    "BE.1.1": 0.04337958760212683,
    "other": 0.001750745687978213
}