{
    "B.1": 0.14326189985575932,
    "B.1.1": 0.18825983927467546,
    "B.1.1.7": 0.0287193488563775,
    "B.1.177": 0.6397589120131877
}