{
    "BA.1": 0.000779382728878728,
    "BA.1.1": 0.008495271744778135,
    "BA.2": 0.8219110464512106,
    "BA.2.1": 0.022186428348747792,
    "BA.2.10": 0.013898991998337317,
    "BA.2.3": 0.03759222695625065,
    "BA.2.9": 0.07284630572586512,
    "BA.4": 0.0061051647095500365,
    "BA.5": 0.0008573210017666008,
    "BA.5.1": 0.0008573210017666008,
    "BA.5.2.1": 0.0030136132183310816,
    "other": 0.011456926114517303
}