{
    "BQ.1.1": 0.007433102081268583,
    "CH.1.1": 0.061446977205153616,
    "XBB.1": 0.10274198876775685,
    "XBB.1.5": 0.4849686157912124,
    "XBB.1.9": 0.30525272547076315,
    "other": 0.038156590683845394
}