{
    "B.1": 0.06765163297045101,
    "B.1.1": 0.057513968089395774,
    "B.1.1.7": 0.4182650768964921,
    "B.1.177": 0.45461090950982086,
    "other": 0.0019584125338402165
}