{
    "B.1": 0.010576346664382974,
    "B.1.1": 0.005066940709657161,
    "B.1.1.7": 0.9758785076075476,
    "B.1.177": 0.007579001455853387,
    "other": 0.0008992035625588764
}