{
    "AY.120": 0.023763307452173216,
    "AY.4": 0.6742575842471784,
    "AY.4.2": 0.070369406867846,
    "AY.4.2.1": 0.012316897462579045,
    "AY.4.2.2": 0.010385816056991915,
    "AY.43": 0.037080765228527976,
    "AY.46.5": 0.016068998639237973,
    "AY.5": 0.03565996958296646,
    "AY.6": 0.021041783398703273,
    "AY.9": 0.007133995037220843,
    "AY.98": 0.033118546385976146,
    "B.1.617.2": 0.05880292964059874
}