{
    "BA.2": 0.06627658377405199,
    "BA.4": 0.004275908630583999,
    "BA.5": 0.012433892202092945,
    "BA.5.1": 0.004894790142905368,
    "BA.5.2": 0.02604928547316305,
    "BA.5.2.1": 0.015134466074040733,
    "BE.1.1": 0.10222797344435693,
    "BQ.1.1": 0.37560481602340495,
    "CH.1.1": 0.25070327444581975,
    "XBB.1": 0.018397659502644312,
    "XBB.1.5": 0.08624957803533251,
    "XBB.1.9": 0.00843929334983684,
    "other": 0.029312478901766626
}