{
    "BA.2": 0.012046400951814397,
    "BA.4": 0.10950822922863375,
    "BA.5": 0.09929605393614911,
    "BA.5.1": 0.29169145349990083,
    "BA.5.2": 0.2210985524489391,
    "BA.5.2.1": 0.22055324211778704,
    "BE.1.1": 0.04580606781677573
}