{
    "AY.120": 0.0005105667290692669,
    "AY.4": 0.019671835737668814,
    "AY.4.2": 0.008399323248806176,
    "AY.4.2.1": 0.002212455825966823,
    "AY.4.2.2": 0.004354833865590805,
    "AY.43": 0.0036840893391664746,
    "AY.46.5": 0.000670744526424331,
    "AY.5": 0.0008509445484487781,
    "AY.98": 0.002682978105697324,
    "B.1": 0.0003904333810529688,
    "B.1.1": 0.00031034448237543674,
    "B.1.617.2": 0.005656278469100702,
    "BA.1": 0.3325090850844437,
    "BA.1.1": 0.21393747059235751,
    "BA.1.1.15": 0.012543923755368459,
    "BA.1.15": 0.0347786042507183,
    "BA.1.15.1": 0.06669403037371482,
    "BA.1.16": 0.02409674738960246,
    "BA.1.17.2": 0.2547527755808948,
    "BA.2": 0.008579523270830622,
    "BA.2.10": 0.0021624002642933655,
    "BA.2.3": 0.0005506111784080329
}