{
    "BA.2": 0.013228699551569507,
    "CH.1.1": 0.020179372197309416,
    "XBB.1": 0.3612107623318386,
    "XBB.1.5": 0.05291479820627803,
    "XBB.1.9": 0.4125560538116592,
    "other": 0.13991031390134528
}