{
    "B.1": 0.013233923578751165,
    "B.1.1": 0.005203479341410376,
    "B.1.1.7": 0.9769493631562597,
    "B.1.177": 0.0029978254116185153,
    "other": 0.0016154085119602362
}