{
    "BA.2": 0.035649327028010186,
    "CH.1.1": 0.021341093731053716,
    "XBB.1": 0.3058081726688493,
    "XBB.1.5": 0.06475081847944707,
    "XBB.1.9": 0.4476779434946041,
    "other": 0.12477264459803565
}