{
    "BA.2": 0.09474117808595359,
    "BA.2.3": 0.003913222573115474,
    "BA.4": 0.012838116160922697,
    "BA.5": 0.022861458190306192,
    "BA.5.1": 0.02341068241109433,
    "BA.5.2": 0.09590827955512839,
    "BA.5.2.1": 0.07798983935191542,
    "BE.1.1": 0.17685019909378003,
    "BQ.1.1": 0.37971989564739805,
    "CH.1.1": 0.06371000961142387,
    "XBB.1": 0.03048194425374159,
    "other": 0.017575175065220376
}