{
    "B.1": 0.08381588277003073,
    "B.1.1": 0.07666627274875916,
    "B.1.1.7": 0.32117111793902153,
    "B.1.177": 0.5168399905459702,
    "other": 0.001506735996218388
}