{
    "BA.1": 0.0009347432377168896,
    "BA.1.1": 0.012385347899748787,
    "BA.1.17.2": 0.0012073766820509826,
    "BA.2": 0.8221456252069093,
    "BA.2.1": 0.023874900196685558,
    "BA.2.10": 0.01581273977137738,
    "BA.2.3": 0.03916184689684719,
    "BA.2.9": 0.07004732137640941,
    "BA.4": 0.002142119919767872,
    "BA.5.2.1": 0.0013047457693131585,
    "other": 0.010983233043173453
}