{
    "BA.2": 0.07473093830529029,
    "JN.1": 0.8097620130362286,
    "XBB.1": 0.014855237229043505,
    "XBB.1.5": 0.010156131574958314,
    "XBB.1.9": 0.035015916325602546,
    "other": 0.05547976352887676
}