{
    "AY.4": 0.0003302278572214828,
    "B.1.1": 0.0009306421430787243,
    "BA.1": 0.1437591938437522,
    "BA.1.1": 0.32607499174430354,
    "BA.1.1.15": 0.015480681670352544,
    "BA.1.15": 0.014830232860673864,
    "BA.1.15.1": 0.02151484524321782,
    "BA.1.16": 0.007805385716144139,
    "BA.1.17.2": 0.08846103811630025,
    "BA.2": 0.3067316448349361,
    "BA.2.1": 0.012908907145930692,
    "BA.2.10": 0.02526743452982558,
    "BA.2.3": 0.013869570003302278,
    "BA.2.9": 0.020063844052396154,
    "other": 0.0019713602385646096
}