{
    "B.1.1": 0.00253401515843302,
    "BA.2": 0.09072230846498036,
    "BA.2.3": 0.0017350013697379236,
    "BA.2.9": 0.004588622043648982,
    "BA.4": 0.18740297689708701,
    "BA.5": 0.12373299242078349,
    "BA.5.1": 0.2684686330015524,
    "BA.5.2": 0.1181855538307004,
    "BA.5.2.1": 0.16909414665327369,
    "BE.1.1": 0.030704958451282988,
    "other": 0.00283079170851977
}