{
    "B.1.1": 0.0010805186489514966,
    "BA.1": 0.05557667680486634,
    "BA.1.1": 0.19109172402753322,
    "BA.1.1.15": 0.00834400512245878,
    "BA.1.15": 0.0063130302545221706,
    "BA.1.15.1": 0.007183448055066432,
    "BA.1.16": 0.0026712822154634224,
    "BA.1.17.2": 0.03495677925404194,
    "BA.2": 0.5684128381623179,
    "BA.2.1": 0.0220205698735393,
    "BA.2.10": 0.031685208900272134,
    "BA.2.3": 0.025902433167920604,
    "BA.2.9": 0.04020930046422283,
    "other": 0.004552185048823435
}