{
    "AY.120": 0.030754920787325973,
    "AY.4": 0.7651624259881581,
    "AY.4.2": 0.006461033765402464,
    "AY.43": 0.004630740918546967,
    "AY.46.5": 0.003290526484237478,
    "AY.5": 0.04316690670507281,
    "AY.6": 0.036595855336853896,
    "AY.9": 0.03504560729716755,
    "AY.98": 0.019723155704912787,
    "B.1": 0.0006301008161305808,
    "B.1.1": 0.00037005920947351574,
    "B.1.1.7": 0.004950792126740279,
    "B.1.177": 0.0003200512081933109,
    "B.1.617.2": 0.048897823651784286
}