{
    "B.1": 0.030686193734972174,
    "B.1.1": 0.022934777125754546,
    "B.1.1.7": 0.7126258974660771,
    "B.1.177": 0.23173540934541725,
    "other": 0.0020177223277789923
}