{
    "B.1.1": 0.0017555768825636103,
    "BA.2": 0.039278106785889846,
    "BA.2.3": 0.0007490461365604738,
    "BA.2.9": 0.0015214999648884623,
    "BA.4": 0.16202804241473748,
    "BA.5": 0.12214133564289226,
    "BA.5.1": 0.2923152547927249,
    "BA.5.2": 0.1547950656585754,
    "BA.5.2.1": 0.18524847264811217,
    "BE.1.1": 0.037709791437466354,
    "other": 0.0024578076355890547
}