{
    "AY.120": 0.0014007423934685383,
    "AY.4": 0.05834092068796462,
    "AY.4.2": 0.023192291914714797,
    "AY.4.2.1": 0.005502916545769258,
    "AY.4.2.2": 0.010155382352646902,
    "AY.43": 0.008344422543948293,
    "AY.46.5": 0.0022011666183077033,
    "AY.5": 0.0025513522166748376,
    "AY.6": 0.0008204348304601439,
    "AY.9": 0.0006503446826818214,
    "AY.98": 0.006203287742503527,
    "B.1": 0.0005803075630083944,
    "B.1.1": 0.00031016438712517635,
    "B.1.617.2": 0.012636697449648314,
    "BA.1": 0.31953935585860505,
    "BA.1.1": 0.16173571993156372,
    "BA.1.1.15": 0.010175392958267882,
    "BA.1.15": 0.03357779623200296,
    "BA.1.15.1": 0.06643521066165067,
    "BA.1.16": 0.022601979048895916,
    "BA.1.17.2": 0.24797142485517323,
    "BA.2": 0.004052147638248272,
    "BA.2.10": 0.001020540886669935
}