{
    "BA.2": 0.08648828688797602,
    "BA.2.3": 0.003552792272676807,
    "BA.4": 0.009492616853558343,
    "BA.5": 0.02087265460197624,
    "BA.5.1": 0.018208060397468636,
    "BA.5.2": 0.0727212168313534,
    "BA.5.2.1": 0.057732874430998116,
    "BE.1.1": 0.1699233929166204,
    "BQ.1.1": 0.41340068835350285,
    "CH.1.1": 0.09065171533251914,
    "XBB.1": 0.03286332852226046,
    "XBB.1.5": 0.004329965582324858,
    "other": 0.019762407016764738
}