{
    "BA.2": 0.06884311802344589,
    "BA.4": 0.004997431226939424,
    "BA.5": 0.014431834103965252,
    "BA.5.1": 0.007239269534351502,
    "BA.5.2": 0.029984587361636544,
    "BA.5.2.1": 0.020036429872495445,
    "BE.1.1": 0.12082574377656345,
    "BQ.1.1": 0.4045584045584046,
    "CH.1.1": 0.21951333426743264,
    "XBB.1": 0.02274531782728504,
    "XBB.1.5": 0.055392088178973425,
    "XBB.1.9": 0.004857316332726169,
    "other": 0.026575124935780674
}