{
    "AY.120": 0.023987916012284054,
    "AY.4": 0.6433823161643343,
    "AY.4.2": 0.08651855112187022,
    "AY.4.2.1": 0.017875899046685406,
    "AY.4.2.2": 0.015245030860183861,
    "AY.43": 0.04243400322106295,
    "AY.46.5": 0.01621535106585173,
    "AY.5": 0.03300089029379695,
    "AY.6": 0.0171856712715196,
    "AY.9": 0.006582172116798544,
    "AY.98": 0.036472035771804696,
    "B.1.617.2": 0.061100163053807756
}