{
    "B.1.1": 0.0008302822959806335,
    "BA.1": 0.02954004361482904,
    "BA.1.1": 0.12468239201328452,
    "BA.1.1.15": 0.004891663165476262,
    "BA.1.15": 0.0037112618290218676,
    "BA.1.15.1": 0.0038813196486805514,
    "BA.1.16": 0.0013904727607386511,
    "BA.1.17.2": 0.01853630234279655,
    "BA.2": 0.6719784726807114,
    "BA.2.1": 0.024688394053978352,
    "BA.2.10": 0.031210611607946703,
    "BA.2.3": 0.029940179661084768,
    "BA.2.9": 0.049086689474421304,
    "other": 0.005631914851049357
}