{
    "B.1": 0.041670765538001454,
    "B.1.1": 0.03145965726877447,
    "B.1.1.7": 0.6244318964329982,
    "B.1.177": 0.30056859543156195,
    "other": 0.0018690853286638992
}