{
    "B.1": 0.21540920716112533,
    "B.1.1": 0.42947570332480817,
    "B.1.177": 0.3551150895140665
}