{
    "B.1.1": 0.0005201612499874961,
    "BA.1": 0.0065620342306114895,
    "BA.1.1": 0.04234312636917444,
    "BA.1.1.15": 0.0016205023557302764,
    "BA.1.15": 0.0009502945913233103,
    "BA.1.15.1": 0.0006201922596004762,
    "BA.1.16": 0.0004201302403745161,
    "BA.1.17.2": 0.0048615070671908294,
    "BA.2": 0.7869639588272365,
    "BA.2.1": 0.026298152427252447,
    "BA.2.10": 0.024557612859986595,
    "BA.2.3": 0.03646130300393122,
    "BA.2.9": 0.060048615070671905,
    "other": 0.007772409446928548
}