{
    "BA.2": 0.1899452269170579,
    "JN.1": 0.32061815336463223,
    "XBB.1": 0.09722222222222222,
    "XBB.1.5": 0.05418622848200313,
    "XBB.1.9": 0.2562597809076682,
    "other": 0.08176838810641628
}