{
    "BA.2": 0.027777777777777776,
    "CH.1.1": 0.022222222222222223,
    "XBB.1": 0.31617283950617286,
    "XBB.1.5": 0.06185185185185185,
    "XBB.1.9": 0.444320987654321,
    "other": 0.1276543209876543
}