{
    "BA.2": 0.006285394237351422,
    "BA.5": 0.00392059244508059,
    "BA.5.2": 0.0024892650444956125,
    "BE.1.1": 0.008650196029622253,
    "BQ.1.1": 0.07393117182151969,
    "CH.1.1": 0.14860912315638808,
    "XBB.1": 0.022341153774348123,
    "XBB.1.5": 0.5405439044122223,
    "XBB.1.9": 0.16466488269338478,
    "other": 0.028564316385587155
}