{
    "B.1.1": 0.0011007485089861106,
    "BA.1": 0.09534483448745147,
    "BA.1.1": 0.2647800504342953,
    "BA.1.1.15": 0.01209822679422007,
    "BA.1.15": 0.010367049593723731,
    "BA.1.15.1": 0.013419125005003403,
    "BA.1.16": 0.00517351799223472,
    "BA.1.17.2": 0.05833967097626386,
    "BA.2": 0.43711723972301164,
    "BA.2.1": 0.018582636192610975,
    "BA.2.10": 0.0302405635832366,
    "BA.2.3": 0.020193731737581554,
    "BA.2.9": 0.030110475123083697,
    "other": 0.003132129848296842
}