{
    "AY.120": 0.03351541709186226,
    "AY.4": 0.7602797286751906,
    "AY.4.2": 0.010584869039758289,
    "AY.4.2.1": 0.0005002301058486904,
    "AY.43": 0.010174680352962363,
    "AY.46.5": 0.004682153790743742,
    "AY.5": 0.047651919883146245,
    "AY.6": 0.039868339436140626,
    "AY.9": 0.02314064469656042,
    "AY.98": 0.020619484963083017,
    "B.1": 0.0006002761270184285,
    "B.1.1.7": 0.0027212517758168756,
    "B.1.617.2": 0.04566100406186846
}