{
    "B.1": 0.17705962676376877,
    "B.1.1": 0.2960097102108936,
    "B.1.1.7": 0.002275830678197542,
    "B.1.177": 0.52465483234714
}