{
    "AY.120": 0.03461419181864565,
    "AY.4": 0.7587811002511029,
    "AY.4.2": 0.013285447033283646,
    "AY.4.2.1": 0.0010004101681689492,
    "AY.43": 0.01221500815334287,
    "AY.46.5": 0.00512210006102502,
    "AY.5": 0.04774957732670395,
    "AY.6": 0.03895597194849888,
    "AY.9": 0.019077821906981863,
    "AY.98": 0.01954801468602127,
    "B.1": 0.0004902009824027852,
    "B.1.1.7": 0.0021008613531547935,
    "B.1.617.2": 0.047059294310667375
}