{
    "BA.2": 0.04093092483593803,
    "BA.4": 0.07056356132873283,
    "BA.5": 0.07259319396522562,
    "BA.5.1": 0.18963534266964346,
    "BA.5.2": 0.2913875921791489,
    "BA.5.2.1": 0.2456532034368446,
    "BE.1.1": 0.06596306068601583,
    "BQ.1.1": 0.019146201204248696,
    "other": 0.004126919694202016
}