{
    "B.1": 0.052453717308257417,
    "B.1.1": 0.041483005191497696,
    "B.1.1.7": 0.5377118229013615,
    "B.1.177": 0.3663923988637477,
    "other": 0.0019590557351356645
}