{
    "BA.2": 0.0485285414537042,
    "BA.4": 0.06219400656372734,
    "BA.5": 0.06569107440684349,
    "BA.5.1": 0.1697422930004842,
    "BA.5.2": 0.28896540592887504,
    "BA.5.2.1": 0.24436434066820897,
    "BE.1.1": 0.08188518857265831,
    "BQ.1.1": 0.033787055468876094,
    "other": 0.00484209393662237
}