{
    "CH.1.1": 0.02162421912542047,
    "XBB.1": 0.3868332532436329,
    "XBB.1.5": 0.16674675636713118,
    "XBB.1.9": 0.29649207111965403,
    "other": 0.12830370014416145
}