{
    "AY.120": 0.02775721687638786,
    "AY.4": 0.7344809650509132,
    "AY.4.2": 0.03412887350711185,
    "AY.4.2.1": 0.0034208894312521255,
    "AY.4.2.2": 0.002580670974453358,
    "AY.43": 0.025076519895172743,
    "AY.46.5": 0.011963110408706264,
    "AY.5": 0.04142076940004401,
    "AY.6": 0.029817752615680076,
    "AY.9": 0.010002600676175805,
    "AY.98": 0.02472642887150659,
    "B.1.1.7": 0.0004201092283993838,
    "B.1.617.2": 0.05420409306419669
}