{
    "BA.2": 0.007583725435925824,
    "BA.5": 0.004373097149183504,
    "BA.5.2": 0.0031552726266260724,
    "BE.1.1": 0.012122889565458069,
    "BQ.1.1": 0.0922225297536673,
    "CH.1.1": 0.16994187655687795,
    "XBB.1": 0.01904234707998893,
    "XBB.1.5": 0.519955715471907,
    "XBB.1.9": 0.14220869083863824,
    "other": 0.029393855521727096
}