{
    "BA.2": 0.014805675508945095,
    "CH.1.1": 0.020974706971005553,
    "XBB.1": 0.3571869216533004,
    "XBB.1.5": 0.05305367057371992,
    "XBB.1.9": 0.41702652683528685,
    "other": 0.13695249845774213
}