{
    "CH.1.1": 0.03822441430332922,
    "XBB.1": 0.20468557336621454,
    "XBB.1.5": 0.39309494451294696,
    "XBB.1.9": 0.30727496917385944,
    "other": 0.05672009864364982
}