{
    "B.1": 0.13541428752696358,
    "B.1.1": 0.167161527724908,
    "B.1.1.7": 0.04923233092247177,
    "B.1.177": 0.6481918538256567
}