{
    "BA.2": 0.015277465738036396,
    "BA.4": 0.09398637010409645,
    "BA.5": 0.09024189320751891,
    "BA.5.1": 0.26061559200179735,
    "BA.5.2": 0.24885793454654384,
    "BA.5.2.1": 0.24047030629821015,
    "BE.1.1": 0.0505504381037969
}