{
    "BA.2": 0.02282086479066575,
    "BA.5": 0.0068634179821551134,
    "BA.5.1": 0.0018874399450926561,
    "BA.5.2": 0.00897963852665294,
    "BA.5.2.1": 0.0038892701898878973,
    "BE.1.1": 0.03975062914664836,
    "BQ.1.1": 0.21099290780141844,
    "CH.1.1": 0.2610386639212995,
    "XBB.1": 0.007378174330816747,
    "XBB.1.5": 0.3472889498970487,
    "XBB.1.9": 0.06079844429192405,
    "other": 0.028311599176389843
}