{
    "AY.120": 0.022476068538505395,
    "AY.4": 0.6242085363048023,
    "AY.4.2": 0.095665829774039,
    "AY.4.2.1": 0.02127574445100177,
    "AY.4.2.2": 0.0202154581737069,
    "AY.43": 0.0462124773688896,
    "AY.46.5": 0.015944304962339832,
    "AY.5": 0.031308453282386246,
    "AY.6": 0.015424164524421594,
    "AY.9": 0.006311704160123234,
    "AY.98": 0.03868044371980435,
    "B.1.617.2": 0.06227681473997979
}