{
    "BA.2": 0.016392572944297083,
    "BA.5": 0.0064721485411140586,
    "BA.5.2": 0.006525198938992042,
    "BA.5.2.1": 0.0028116710875331565,
    "BE.1.1": 0.032360742705570295,
    "BQ.1.1": 0.17644562334217506,
    "CH.1.1": 0.24381962864721485,
    "XBB.1": 0.01013262599469496,
    "XBB.1.5": 0.3956498673740053,
    "XBB.1.9": 0.0816445623342175,
    "other": 0.027745358090185676
}