{
    "BA.2": 0.12964563526361278,
    "CH.1.1": 0.006914433880726016,
    "JN.1": 0.06482281763180639,
    "XBB.1": 0.2052722558340536,
    "XBB.1.5": 0.07476231633535005,
    "XBB.1.9": 0.4211322385479689,
    "other": 0.09745030250648228
}