{
    "AY.120": 0.02401488923132342,
    "AY.4": 0.7055174208008965,
    "AY.4.2": 0.056024735335908266,
    "AY.4.2.1": 0.007684764554023495,
    "AY.4.2.2": 0.00704436750785487,
    "AY.43": 0.03300046028537693,
    "AY.46.5": 0.015429566331125298,
    "AY.5": 0.036242470331605596,
    "AY.6": 0.023074306069763253,
    "AY.9": 0.00786487622325842,
    "AY.98": 0.029138065600672416,
    "B.1.617.2": 0.05496407772819148
}