{
    "B.1": 0.008666262241095415,
    "B.1.1": 0.004939769477424387,
    "B.1.1.7": 0.9674870728254904,
    "B.1.177": 0.01814137562469307,
    "other": 0.0007655198312967617
}