{
    "AY.4": 0.0011846554806470373,
    "AY.9": 0.0008615676222887544,
    "B.1": 0.019234497167596443,
    "B.1.1": 0.007323324789454412,
    "B.1.1.7": 0.9543799943998105,
    "B.1.177": 0.0012492730523186938,
    "B.1.617.2": 0.01380662114717729,
    "other": 0.001960066340706916
}