{
    "AY.4": 0.0006903935243088561,
    "AY.4.2": 0.0004202395365358254,
    "B.1.1": 0.0008704961828242098,
    "B.1.617.2": 0.0004202395365358254,
    "BA.1": 0.22190648669741753,
    "BA.1.1": 0.3614160071240607,
    "BA.1.1.15": 0.018640625156339113,
    "BA.1.15": 0.02238275817215813,
    "BA.1.15.1": 0.03615060584533184,
    "BA.1.16": 0.012917362896851204,
    "BA.1.17.2": 0.14601322753969762,
    "BA.2": 0.13866904135357153,
    "BA.2.1": 0.007274146263370121,
    "BA.2.10": 0.016319302002141222,
    "BA.2.3": 0.007013997978847943,
    "BA.2.9": 0.00797454549092983,
    "other": 0.0009205246990784747
}