{
    "AY.120": 0.025027268815482683,
    "AY.4": 0.7163542844562748,
    "AY.4.2": 0.04690236263021485,
    "AY.4.2.1": 0.005874053096636679,
    "AY.4.2.2": 0.005673915001350932,
    "AY.43": 0.030581100959662166,
    "AY.46.5": 0.01481021905114529,
    "AY.5": 0.03745584453272758,
    "AY.6": 0.026338173339604327,
    "AY.9": 0.00844582762105853,
    "AY.98": 0.027939278101890303,
    "B.1.617.2": 0.05459767239395183
}