{
    "AY.4": 0.0014913571349928435,
    "AY.4.2": 0.0005805282807354692,
    "AY.43": 0.00033030057352190494,
    "B.1.1": 0.0008007286630834059,
    "B.1.617.2": 0.0009708835039886297,
    "BA.1": 0.2639902311103104,
    "BA.1.1": 0.3434225144881842,
    "BA.1.1.15": 0.018316668168032908,
    "BA.1.15": 0.02644406409832948,
    "BA.1.15.1": 0.04669249016605111,
    "BA.1.16": 0.01633486472690148,
    "BA.1.17.2": 0.17681089791710455,
    "BA.2": 0.07989270235914682,
    "BA.2.1": 0.003993634207128487,
    "BA.2.10": 0.01143040166551562,
    "BA.2.3": 0.003913561340820147,
    "BA.2.9": 0.003923570449108689,
    "other": 0.0006606011470438099
}