{
    "BA.2": 0.08038644663245967,
    "BA.2.3": 0.0030046687930476586,
    "BA.4": 0.008089492904359081,
    "BA.5": 0.019738362686636157,
    "BA.5.1": 0.013497896731844867,
    "BA.5.2": 0.05662645033051357,
    "BA.5.2.1": 0.04303610225119031,
    "BE.1.1": 0.16155872971848564,
    "BQ.1.1": 0.4337817223686035,
    "CH.1.1": 0.11866130448851292,
    "XBB.1": 0.03161836083760921,
    "XBB.1.5": 0.009106457726621366,
    "other": 0.020894004530116025
}