{
    "BA.2": 0.09242388849957175,
    "BA.2.3": 0.004282488515144437,
    "BA.4": 0.017129954060577747,
    "BA.5": 0.026317838511251267,
    "BA.5.1": 0.033403410418126604,
    "BA.5.2": 0.12364712294635209,
    "BA.5.2.1": 0.1058942614653897,
    "BE.1.1": 0.1730903994393833,
    "BQ.1.1": 0.3383944561239586,
    "CH.1.1": 0.0422798411586078,
    "XBB.1": 0.026084248228607023,
    "other": 0.017052090633029666
}