{
    "BA.2": 0.03342574257425743,
    "BA.4": 0.07873267326732673,
    "BA.5": 0.0807920792079208,
    "BA.5.1": 0.20902970297029702,
    "BA.5.2": 0.2886336633663366,
    "BA.5.2.1": 0.24182178217821781,
    "BE.1.1": 0.056712871287128715,
    "BQ.1.1": 0.008316831683168317,
    "other": 0.0025346534653465347
}