{
    "AY.120": 0.02018009004502251,
    "AY.4": 0.5777988994497248,
    "AY.4.2": 0.12114057028514257,
    "AY.4.2.1": 0.028594297148574286,
    "AY.4.2.2": 0.03119559779889945,
    "AY.43": 0.05170585292646323,
    "AY.46.5": 0.016238119059529765,
    "AY.5": 0.027783891945972986,
    "AY.6": 0.012126063031515758,
    "AY.9": 0.005422711355677839,
    "AY.98": 0.04089044522261131,
    "B.1.617.2": 0.0665032516258129,
    "BA.1": 0.00042021010505252627
}