{
    "B.1": 0.1849525762624968,
    "B.1.1": 0.33444415961719215,
    "B.1.177": 0.480603264120311
}